headline,label
Bitcoin surges 10% after ETF approval,1
Ethereum hits new all-time high amid investor optimism,1
Ripple gains momentum as SEC lawsuit nears resolution,1
Crypto market shows strong recovery after short dip,1
Solana leads altcoin rally with 18% gain,1
Cardano announces major upgrade boosting investor confidence,1
Polygon partners with major bank to improve DeFi access,1
Institutional investors pour $500M into crypto assets,1
Binance expands globally following regulatory clearance,1
Robinhood adds new crypto trading pairs amid user growth,1
Bitcoin surges 10% after ETF approval,1
Ethereum hits new all-time high amid investor optimism,1
Ripple gains momentum as SEC lawsuit nears resolution,1
Crypto market shows strong recovery after short dip,1
Solana leads altcoin rally with 18% gain,1
Cardano announces major upgrade boosting investor confidence,1
Polygon partners with major bank to improve DeFi access,1
Institutional investors pour $500M into crypto assets,1
Binance expands globally following regulatory clearance,1
Robinhood adds new crypto trading pairs amid user growth,1
Bitcoin surges 10% after ETF approval,1
Ethereum hits new all-time high amid investor optimism,1
Ripple gains momentum as SEC lawsuit nears resolution,1
Crypto market shows strong recovery after short dip,1
Solana leads altcoin rally with 18% gain,1
Cardano announces major upgrade boosting investor confidence,1
Polygon partners with major bank to improve DeFi access,1
Institutional investors pour $500M into crypto assets,1
Binance expands globally following regulatory clearance,1
Robinhood adds new crypto trading pairs amid user growth,1
Bitcoin surges 10% after ETF approval,1
Ethereum hits new all-time high amid investor optimism,1
Ripple gains momentum as SEC lawsuit nears resolution,1
Crypto market shows strong recovery after short dip,1
Solana leads altcoin rally with 18% gain,1
Cardano announces major upgrade boosting investor confidence,1
Polygon partners with major bank to improve DeFi access,1
Institutional investors pour $500M into crypto assets,1
Binance expands globally following regulatory clearance,1
Robinhood adds new crypto trading pairs amid user growth,1
Bitcoin surges 10% after ETF approval,1
Ethereum hits new all-time high amid investor optimism,1
Ripple gains momentum as SEC lawsuit nears resolution,1
Crypto market shows strong recovery after short dip,1
Solana leads altcoin rally with 18% gain,1
Cardano announces major upgrade boosting investor confidence,1
Polygon partners with major bank to improve DeFi access,1
Institutional investors pour $500M into crypto assets,1
Binance expands globally following regulatory clearance,1
Robinhood adds new crypto trading pairs amid user growth,1
Bitcoin surges 10% after ETF approval,1
Ethereum hits new all-time high amid investor optimism,1
Ripple gains momentum as SEC lawsuit nears resolution,1
Crypto market shows strong recovery after short dip,1
Solana leads altcoin rally with 18% gain,1
Cardano announces major upgrade boosting investor confidence,1
Polygon partners with major bank to improve DeFi access,1
Institutional investors pour $500M into crypto assets,1
Binance expands globally following regulatory clearance,1
Robinhood adds new crypto trading pairs amid user growth,1
Bitcoin surges 10% after ETF approval,1
Ethereum hits new all-time high amid investor optimism,1
Ripple gains momentum as SEC lawsuit nears resolution,1
Crypto market shows strong recovery after short dip,1
Solana leads altcoin rally with 18% gain,1
Cardano announces major upgrade boosting investor confidence,1
Polygon partners with major bank to improve DeFi access,1
Institutional investors pour $500M into crypto assets,1
Binance expands globally following regulatory clearance,1
Robinhood adds new crypto trading pairs amid user growth,1
Bitcoin surges 10% after ETF approval,1
Ethereum hits new all-time high amid investor optimism,1
Ripple gains momentum as SEC lawsuit nears resolution,1
Crypto market shows strong recovery after short dip,1
Solana leads altcoin rally with 18% gain,1
Cardano announces major upgrade boosting investor confidence,1
Polygon partners with major bank to improve DeFi access,1
Institutional investors pour $500M into crypto assets,1
Binance expands globally following regulatory clearance,1
Robinhood adds new crypto trading pairs amid user growth,1
Bitcoin surges 10% after ETF approval,1
Ethereum hits new all-time high amid investor optimism,1
Ripple gains momentum as SEC lawsuit nears resolution,1
Crypto market shows strong recovery after short dip,1
Solana leads altcoin rally with 18% gain,1
Cardano announces major upgrade boosting investor confidence,1
Polygon partners with major bank to improve DeFi access,1
Institutional investors pour $500M into crypto assets,1
Binance expands globally following regulatory clearance,1
Robinhood adds new crypto trading pairs amid user growth,1
Bitcoin surges 10% after ETF approval,1
Ethereum hits new all-time high amid investor optimism,1
Ripple gains momentum as SEC lawsuit nears resolution,1
Crypto market shows strong recovery after short dip,1
Solana leads altcoin rally with 18% gain,1
Cardano announces major upgrade boosting investor confidence,1
Polygon partners with major bank to improve DeFi access,1
Institutional investors pour $500M into crypto assets,1
Binance expands globally following regulatory clearance,1
Robinhood adds new crypto trading pairs amid user growth,1
Bitcoin surges 10% after ETF approval,1
Ethereum hits new all-time high amid investor optimism,1
Ripple gains momentum as SEC lawsuit nears resolution,1
Crypto market shows strong recovery after short dip,1
Solana leads altcoin rally with 18% gain,1
Cardano announces major upgrade boosting investor confidence,1
Polygon partners with major bank to improve DeFi access,1
Institutional investors pour $500M into crypto assets,1
Binance expands globally following regulatory clearance,1
Robinhood adds new crypto trading pairs amid user growth,1
Bitcoin surges 10% after ETF approval,1
Ethereum hits new all-time high amid investor optimism,1
Ripple gains momentum as SEC lawsuit nears resolution,1
Crypto market shows strong recovery after short dip,1
Solana leads altcoin rally with 18% gain,1
Cardano announces major upgrade boosting investor confidence,1
Polygon partners with major bank to improve DeFi access,1
Institutional investors pour $500M into crypto assets,1
Binance expands globally following regulatory clearance,1
Robinhood adds new crypto trading pairs amid user growth,1
Bitcoin surges 10% after ETF approval,1
Ethereum hits new all-time high amid investor optimism,1
Ripple gains momentum as SEC lawsuit nears resolution,1
Crypto market shows strong recovery after short dip,1
Solana leads altcoin rally with 18% gain,1
Cardano announces major upgrade boosting investor confidence,1
Polygon partners with major bank to improve DeFi access,1
Institutional investors pour $500M into crypto assets,1
Binance expands globally following regulatory clearance,1
Robinhood adds new crypto trading pairs amid user growth,1
Bitcoin surges 10% after ETF approval,1
Ethereum hits new all-time high amid investor optimism,1
Ripple gains momentum as SEC lawsuit nears resolution,1
Crypto market shows strong recovery after short dip,1
Solana leads altcoin rally with 18% gain,1
Cardano announces major upgrade boosting investor confidence,1
Polygon partners with major bank to improve DeFi access,1
Institutional investors pour $500M into crypto assets,1
Binance expands globally following regulatory clearance,1
Robinhood adds new crypto trading pairs amid user growth,1
Bitcoin surges 10% after ETF approval,1
Ethereum hits new all-time high amid investor optimism,1
Ripple gains momentum as SEC lawsuit nears resolution,1
Crypto market shows strong recovery after short dip,1
Solana leads altcoin rally with 18% gain,1
Cardano announces major upgrade boosting investor confidence,1
Polygon partners with major bank to improve DeFi access,1
Institutional investors pour $500M into crypto assets,1
Binance expands globally following regulatory clearance,1
Robinhood adds new crypto trading pairs amid user growth,1
Crypto market tumbles amid regulatory fears,0
"Bitcoin falls below $25,000 as sell-off intensifies",0
Ethereum down 12% following network congestion issues,0
SEC targets more crypto exchanges in new lawsuit,0
Altcoins see double-digit losses after market correction,0
"Hack drains $120M from DeFi protocol, market reacts",0
Tether faces scrutiny over reserve transparency again,0
Crypto lending platform halts withdrawals amid liquidity issues,0
Ripple lawsuit uncertainty puts pressure on XRP price,0
Crypto winter deepens as investor confidence wanes,0
Crypto market tumbles amid regulatory fears,0
"Bitcoin falls below $25,000 as sell-off intensifies",0
Ethereum down 12% following network congestion issues,0
SEC targets more crypto exchanges in new lawsuit,0
Altcoins see double-digit losses after market correction,0
"Hack drains $120M from DeFi protocol, market reacts",0
Tether faces scrutiny over reserve transparency again,0
Crypto lending platform halts withdrawals amid liquidity issues,0
Ripple lawsuit uncertainty puts pressure on XRP price,0
Crypto winter deepens as investor confidence wanes,0
Crypto market tumbles amid regulatory fears,0
"Bitcoin falls below $25,000 as sell-off intensifies",0
Ethereum down 12% following network congestion issues,0
SEC targets more crypto exchanges in new lawsuit,0
Altcoins see double-digit losses after market correction,0
"Hack drains $120M from DeFi protocol, market reacts",0
Tether faces scrutiny over reserve transparency again,0
Crypto lending platform halts withdrawals amid liquidity issues,0
Ripple lawsuit uncertainty puts pressure on XRP price,0
Crypto winter deepens as investor confidence wanes,0
Crypto market tumbles amid regulatory fears,0
"Bitcoin falls below $25,000 as sell-off intensifies",0
Ethereum down 12% following network congestion issues,0
SEC targets more crypto exchanges in new lawsuit,0
Altcoins see double-digit losses after market correction,0
"Hack drains $120M from DeFi protocol, market reacts",0
Tether faces scrutiny over reserve transparency again,0
Crypto lending platform halts withdrawals amid liquidity issues,0
Ripple lawsuit uncertainty puts pressure on XRP price,0
Crypto winter deepens as investor confidence wanes,0
Crypto market tumbles amid regulatory fears,0
"Bitcoin falls below $25,000 as sell-off intensifies",0
Ethereum down 12% following network congestion issues,0
SEC targets more crypto exchanges in new lawsuit,0
Altcoins see double-digit losses after market correction,0
"Hack drains $120M from DeFi protocol, market reacts",0
Tether faces scrutiny over reserve transparency again,0
Crypto lending platform halts withdrawals amid liquidity issues,0
Ripple lawsuit uncertainty puts pressure on XRP price,0
Crypto winter deepens as investor confidence wanes,0
Crypto market tumbles amid regulatory fears,0
"Bitcoin falls below $25,000 as sell-off intensifies",0
Ethereum down 12% following network congestion issues,0
SEC targets more crypto exchanges in new lawsuit,0
Altcoins see double-digit losses after market correction,0
"Hack drains $120M from DeFi protocol, market reacts",0
Tether faces scrutiny over reserve transparency again,0
Crypto lending platform halts withdrawals amid liquidity issues,0
Ripple lawsuit uncertainty puts pressure on XRP price,0
Crypto winter deepens as investor confidence wanes,0
Crypto market tumbles amid regulatory fears,0
"Bitcoin falls below $25,000 as sell-off intensifies",0
Ethereum down 12% following network congestion issues,0
SEC targets more crypto exchanges in new lawsuit,0
Altcoins see double-digit losses after market correction,0
"Hack drains $120M from DeFi protocol, market reacts",0
Tether faces scrutiny over reserve transparency again,0
Crypto lending platform halts withdrawals amid liquidity issues,0
Ripple lawsuit uncertainty puts pressure on XRP price,0
Crypto winter deepens as investor confidence wanes,0
Crypto market tumbles amid regulatory fears,0
"Bitcoin falls below $25,000 as sell-off intensifies",0
Ethereum down 12% following network congestion issues,0
SEC targets more crypto exchanges in new lawsuit,0
Altcoins see double-digit losses after market correction,0
"Hack drains $120M from DeFi protocol, market reacts",0
Tether faces scrutiny over reserve transparency again,0
Crypto lending platform halts withdrawals amid liquidity issues,0
Ripple lawsuit uncertainty puts pressure on XRP price,0
Crypto winter deepens as investor confidence wanes,0
Crypto market tumbles amid regulatory fears,0
"Bitcoin falls below $25,000 as sell-off intensifies",0
Ethereum down 12% following network congestion issues,0
SEC targets more crypto exchanges in new lawsuit,0
Altcoins see double-digit losses after market correction,0
"Hack drains $120M from DeFi protocol, market reacts",0
Tether faces scrutiny over reserve transparency again,0
Crypto lending platform halts withdrawals amid liquidity issues,0
Ripple lawsuit uncertainty puts pressure on XRP price,0
Crypto winter deepens as investor confidence wanes,0
Crypto market tumbles amid regulatory fears,0
"Bitcoin falls below $25,000 as sell-off intensifies",0
Ethereum down 12% following network congestion issues,0
SEC targets more crypto exchanges in new lawsuit,0
Altcoins see double-digit losses after market correction,0
"Hack drains $120M from DeFi protocol, market reacts",0
Tether faces scrutiny over reserve transparency again,0
Crypto lending platform halts withdrawals amid liquidity issues,0
Ripple lawsuit uncertainty puts pressure on XRP price,0
Crypto winter deepens as investor confidence wanes,0
Crypto market tumbles amid regulatory fears,0
"Bitcoin falls below $25,000 as sell-off intensifies",0
Ethereum down 12% following network congestion issues,0
SEC targets more crypto exchanges in new lawsuit,0
Altcoins see double-digit losses after market correction,0
"Hack drains $120M from DeFi protocol, market reacts",0
Tether faces scrutiny over reserve transparency again,0
Crypto lending platform halts withdrawals amid liquidity issues,0
Ripple lawsuit uncertainty puts pressure on XRP price,0
Crypto winter deepens as investor confidence wanes,0
Crypto market tumbles amid regulatory fears,0
"Bitcoin falls below $25,000 as sell-off intensifies",0
Ethereum down 12% following network congestion issues,0
SEC targets more crypto exchanges in new lawsuit,0
Altcoins see double-digit losses after market correction,0
"Hack drains $120M from DeFi protocol, market reacts",0
Tether faces scrutiny over reserve transparency again,0
Crypto lending platform halts withdrawals amid liquidity issues,0
Ripple lawsuit uncertainty puts pressure on XRP price,0
Crypto winter deepens as investor confidence wanes,0
Crypto market tumbles amid regulatory fears,0
"Bitcoin falls below $25,000 as sell-off intensifies",0
Ethereum down 12% following network congestion issues,0
SEC targets more crypto exchanges in new lawsuit,0
Altcoins see double-digit losses after market correction,0
"Hack drains $120M from DeFi protocol, market reacts",0
Tether faces scrutiny over reserve transparency again,0
Crypto lending platform halts withdrawals amid liquidity issues,0
Ripple lawsuit uncertainty puts pressure on XRP price,0
Crypto winter deepens as investor confidence wanes,0
Crypto market tumbles amid regulatory fears,0
"Bitcoin falls below $25,000 as sell-off intensifies",0
Ethereum down 12% following network congestion issues,0
SEC targets more crypto exchanges in new lawsuit,0
Altcoins see double-digit losses after market correction,0
"Hack drains $120M from DeFi protocol, market reacts",0
Tether faces scrutiny over reserve transparency again,0
Crypto lending platform halts withdrawals amid liquidity issues,0
Ripple lawsuit uncertainty puts pressure on XRP price,0
Crypto winter deepens as investor confidence wanes,0
Crypto market tumbles amid regulatory fears,0
"Bitcoin falls below $25,000 as sell-off intensifies",0
Ethereum down 12% following network congestion issues,0
SEC targets more crypto exchanges in new lawsuit,0
Altcoins see double-digit losses after market correction,0
"Hack drains $120M from DeFi protocol, market reacts",0
Tether faces scrutiny over reserve transparency again,0
Crypto lending platform halts withdrawals amid liquidity issues,0
Ripple lawsuit uncertainty puts pressure on XRP price,0
Crypto winter deepens as investor confidence wanes,0
